jobID,  modelID,  status,  completionReason,  startTime,  endTime,  runtime(s),  expDesc,  numRecords,  modelParams|tmParams|minThreshold,  modelParams|sensorParams|encoders|value:n,  modelParams|tmParams|activationThreshold,  modelParams|tmParams|pamLength,  modelParams|clParams|alpha,  modelParams|sensorParams|encoders|Date_weekend:radius,  modelParams|sensorParams|encoders|Date_timeOfDay:radius,  modelParams|sensorParams|encoders|Date_dayOfWeek:radius,  modelParams|spParams|synPermInactiveDec,  multiStepBestPredictions:multiStep:errorMetric='aae':steps=[1, 2]:window=1000:field=value,  multiStepBestPredictions:multiStep:errorMetric='altMAPE':steps=[1, 2]:window=1000:field=value, 
1001,  1188,  completed,  eof,  2021-12-21 13:15:20,  2021-12-21 13:15:37,  17,  modelParams|tmParams|minThreshold_11.modelParams|sensorParams|encoders|value:n_272.modelParams|tmParams|activationThreshold_14.modelParams|tmParams|pamLength_3.modelParams|clParams|alpha_0.05005.modelParams|spParams|synPermInactiveDec_0.05015,  1012,  11,  272,  14,  3,  0.05005,  None,  None,  None,  0.05015,  378.738260007,  6.28016203262, 
1001,  1191,  completed,  eof,  2021-12-21 13:15:20,  2021-12-21 13:15:34,  14,  modelParams|tmParams|minThreshold_9.modelParams|sensorParams|encoders|value:n_22.modelParams|tmParams|activationThreshold_12.modelParams|tmParams|pamLength_1.modelParams|clParams|alpha_0.0001.modelParams|spParams|synPermInactiveDec_0.1,  1011,  9,  22,  12,  1,  0.0001,  None,  None,  None,  0.1,  618.27307063,  10.2684691588, 
1001,  1210,  completed,  eof,  2021-12-21 13:15:22,  2021-12-21 13:15:45,  23,  modelParams|tmParams|minThreshold_12.modelParams|sensorParams|encoders|value:n_521.modelParams|tmParams|activationThreshold_16.modelParams|tmParams|pamLength_5.modelParams|clParams|alpha_0.1.modelParams|spParams|synPermInactiveDec_0.0003,  1021,  12,  521,  16,  5,  0.1,  None,  None,  None,  0.0003,  577.263293792,  9.43955112905, 
1001,  1221,  completed,  eof,  2021-12-21 13:15:24,  2021-12-21 13:15:38,  14,  modelParams|tmParams|minThreshold_10.modelParams|sensorParams|encoders|value:n_147.modelParams|tmParams|activationThreshold_13.modelParams|tmParams|pamLength_2.modelParams|clParams|alpha_0.025075.modelParams|spParams|synPermInactiveDec_0.075075,  1014,  10,  147,  13,  2,  0.025075,  None,  None,  None,  0.075075,  422.525017678,  6.98406277106, 
1001,  1222,  completed,  eof,  2021-12-21 13:15:34,  2021-12-21 13:15:54,  20,  modelParams|tmParams|minThreshold_11.modelParams|sensorParams|encoders|value:n_396.modelParams|tmParams|activationThreshold_15.modelParams|tmParams|pamLength_4.modelParams|clParams|alpha_0.075025.modelParams|spParams|synPermInactiveDec_0.025225,  1028,  11,  396,  15,  4,  0.075025,  None,  None,  None,  0.025225,  411.039159565,  6.66170610869, 
1001,  1223,  completed,  eof,  2021-12-21 13:15:37,  2021-12-21 13:15:56,  19,  modelParams|tmParams|minThreshold_11.modelParams|sensorParams|encoders|value:n_296.modelParams|tmParams|activationThreshold_14.modelParams|tmParams|pamLength_3.modelParams|clParams|alpha_0.055045.modelParams|spParams|synPermInactiveDec_0.055135,  1029,  11,  296,  14,  3,  0.055045,  None,  None,  None,  0.055135,  394.191013855,  6.38132364034, 
1001,  1224,  completed,  eof,  2021-12-21 13:15:38,  2021-12-21 13:15:55,  17,  modelParams|tmParams|minThreshold_10.modelParams|sensorParams|encoders|value:n_219.modelParams|tmParams|activationThreshold_14.modelParams|tmParams|pamLength_2.modelParams|clParams|alpha_0.0356603484444.modelParams|spParams|synPermInactiveDec_0.0550282155552,  1029,  10,  219,  14,  2,  0.0356603484444,  None,  None,  None,  0.0550282155552,  385.69078985,  6.24371857456, 
1001,  1225,  completed,  eof,  2021-12-21 13:15:45,  2021-12-21 13:16:05,  20,  modelParams|tmParams|minThreshold_11.modelParams|sensorParams|encoders|value:n_275.modelParams|tmParams|activationThreshold_14.modelParams|tmParams|pamLength_3.modelParams|clParams|alpha_0.0644396515556.modelParams|spParams|synPermInactiveDec_0.0552417844448,  1039,  11,  275,  14,  3,  0.0644396515556,  None,  None,  None,  0.0552417844448,  395.935874774,  6.33432551733, 
1001,  1226,  completed,  eof,  2021-12-21 13:15:54,  2021-12-21 13:16:13,  19,  modelParams|tmParams|minThreshold_11.modelParams|sensorParams|encoders|value:n_283.modelParams|tmParams|activationThreshold_14.modelParams|tmParams|pamLength_3.modelParams|clParams|alpha_0.0403576742222.modelParams|spParams|synPermInactiveDec_0.0451116077776,  1045,  11,  283,  14,  3,  0.0403576742222,  None,  None,  None,  0.0451116077776,  397.349827618,  6.31145253615, 
1001,  1227,  completed,  eof,  2021-12-21 13:15:56,  2021-12-21 13:16:14,  18,  modelParams|tmParams|minThreshold_10.modelParams|sensorParams|encoders|value:n_214.modelParams|tmParams|activationThreshold_14.modelParams|tmParams|pamLength_2.modelParams|clParams|alpha_0.0480590958913.modelParams|spParams|synPermInactiveDec_0.0501070574775,  1046,  10,  214,  14,  2,  0.0480590958913,  None,  None,  None,  0.0501070574775,  402.04716597,  6.37882160276, 
1001,  1228,  completed,  eof,  2021-12-21 13:15:56,  2021-12-21 13:16:15,  19,  modelParams|tmParams|minThreshold_10.modelParams|sensorParams|encoders|value:n_229.modelParams|tmParams|activationThreshold_14.modelParams|tmParams|pamLength_2.modelParams|clParams|alpha_0.0393452353201.modelParams|spParams|synPermInactiveDec_0.0551682457802,  1047,  10,  229,  14,  2,  0.0393452353201,  None,  None,  None,  0.0551682457802,  402.346350098,  6.37627554172, 
1001,  1229,  completed,  eof,  2021-12-21 13:16:05,  2021-12-21 13:16:24,  19,  modelParams|tmParams|minThreshold_11.modelParams|sensorParams|encoders|value:n_269.modelParams|tmParams|activationThreshold_15.modelParams|tmParams|pamLength_3.modelParams|clParams|alpha_0.0445504355555.modelParams|spParams|synPermInactiveDec_0.043785269444,  1054,  11,  269,  15,  3,  0.0445504355555,  None,  None,  None,  0.043785269444,  400.164579458,  6.29271945757, 
1001,  1230,  completed,  eof,  2021-12-21 13:16:14,  2021-12-21 13:16:29,  15,  modelParams|tmParams|minThreshold_10.modelParams|sensorParams|encoders|value:n_163.modelParams|tmParams|activationThreshold_14.modelParams|tmParams|pamLength_2.modelParams|clParams|alpha_0.0321831046715.modelParams|spParams|synPermInactiveDec_0.0687632041772,  1059,  10,  163,  14,  2,  0.0321831046715,  None,  None,  None,  0.0687632041772,  427.608418368,  6.68076777262, 
1001,  1231,  completed,  eof,  2021-12-21 13:16:15,  2021-12-21 13:16:33,  18,  modelParams|tmParams|minThreshold_10.modelParams|sensorParams|encoders|value:n_260.modelParams|tmParams|activationThreshold_14.modelParams|tmParams|pamLength_2.modelParams|clParams|alpha_0.0403644952567.modelParams|spParams|synPermInactiveDec_0.0475586100163,  1062,  10,  260,  14,  2,  0.0403644952567,  None,  None,  None,  0.0475586100163,  399.327467347,  6.21504927124, 
1001,  1232,  completed,  eof,  2021-12-21 13:16:15,  2021-12-21 13:16:32,  17,  modelParams|tmParams|minThreshold_9.modelParams|sensorParams|encoders|value:n_173.modelParams|tmParams|activationThreshold_14.modelParams|tmParams|pamLength_2.modelParams|clParams|alpha_0.0312508426272.modelParams|spParams|synPermInactiveDec_0.0612592716123,  1062,  9,  173,  14,  2,  0.0312508426272,  None,  None,  None,  0.0612592716123,  420.928041572,  6.55123609551, 
1001,  1233,  completed,  eof,  2021-12-21 13:16:24,  2021-12-21 13:16:41,  17,  modelParams|tmParams|minThreshold_10.modelParams|sensorParams|encoders|value:n_213.modelParams|tmParams|activationThreshold_14.modelParams|tmParams|pamLength_3.modelParams|clParams|alpha_0.0350210752117.modelParams|spParams|synPermInactiveDec_0.0539228599739,  1070,  10,  213,  14,  3,  0.0350210752117,  None,  None,  None,  0.0539228599739,  409.694679019,  6.31216683993, 
1001,  1234,  completed,  eof,  2021-12-21 13:16:29,  2021-12-21 13:16:46,  17,  modelParams|tmParams|minThreshold_10.modelParams|sensorParams|encoders|value:n_225.modelParams|tmParams|activationThreshold_14.modelParams|tmParams|pamLength_2.modelParams|clParams|alpha_0.0374018180984.modelParams|spParams|synPermInactiveDec_0.0547359654327,  1074,  10,  225,  14,  2,  0.0374018180984,  None,  None,  None,  0.0547359654327,  404.916645548,  6.2085093315, 
1001,  1235,  completed,  eof,  2021-12-21 13:16:33,  2021-12-21 13:16:50,  17,  modelParams|tmParams|minThreshold_10.modelParams|sensorParams|encoders|value:n_211.modelParams|tmParams|activationThreshold_13.modelParams|tmParams|pamLength_2.modelParams|clParams|alpha_0.0347544913197.modelParams|spParams|synPermInactiveDec_0.0553792350307,  1078,  10,  211,  13,  2,  0.0347544913197,  None,  None,  None,  0.0553792350307,  424.541382745,  6.4795072632, 
1001,  1236,  completed,  eof,  2021-12-21 13:16:34,  2021-12-21 13:16:52,  18,  modelParams|tmParams|minThreshold_10.modelParams|sensorParams|encoders|value:n_254.modelParams|tmParams|activationThreshold_14.modelParams|tmParams|pamLength_2.modelParams|clParams|alpha_0.0403662005153.modelParams|spParams|synPermInactiveDec_0.048170360576,  1079,  10,  254,  14,  2,  0.0403662005153,  None,  None,  None,  0.048170360576,  401.08666035,  6.11481872983, 
1001,  1237,  completed,  eof,  2021-12-21 13:16:41,  2021-12-21 13:16:59,  18,  modelParams|tmParams|minThreshold_10.modelParams|sensorParams|encoders|value:n_249.modelParams|tmParams|activationThreshold_14.modelParams|tmParams|pamLength_2.modelParams|clParams|alpha_0.0385191535508.modelParams|spParams|synPermInactiveDec_0.0478430425757,  1086,  10,  249,  14,  2,  0.0385191535508,  None,  None,  None,  0.0478430425757,  401.007424719,  6.0722869437, 
1001,  1238,  completed,  eof,  2021-12-21 13:16:46,  2021-12-21 13:17:05,  19,  modelParams|tmParams|minThreshold_10.modelParams|sensorParams|encoders|value:n_233.modelParams|tmParams|activationThreshold_14.modelParams|tmParams|pamLength_2.modelParams|clParams|alpha_0.0395128933884.modelParams|spParams|synPermInactiveDec_0.0535892997056,  1091,  10,  233,  14,  2,  0.0395128933884,  None,  None,  None,  0.0535892997056,  412.290352917,  6.21371406975, 
1001,  1239,  completed,  eof,  2021-12-21 13:16:50,  2021-12-21 13:17:07,  17,  modelParams|tmParams|minThreshold_10.modelParams|sensorParams|encoders|value:n_214.modelParams|tmParams|activationThreshold_13.modelParams|tmParams|pamLength_2.modelParams|clParams|alpha_0.0356146637342.modelParams|spParams|synPermInactiveDec_0.0574736394299,  1094,  10,  214,  13,  2,  0.0356146637342,  None,  None,  None,  0.0574736394299,  422.898382745,  6.35594500521, 
1001,  1240,  completed,  eof,  2021-12-21 13:16:53,  2021-12-21 13:17:14,  21,  modelParams|tmParams|minThreshold_10.modelParams|sensorParams|encoders|value:n_275.modelParams|tmParams|activationThreshold_15.modelParams|tmParams|pamLength_2.modelParams|clParams|alpha_0.0471431044.modelParams|spParams|synPermInactiveDec_0.0447784307405,  1099,  10,  275,  15,  2,  0.0471431044,  None,  None,  None,  0.0447784307405,  424.389625122,  6.3483659898, 
1001,  1241,  completed,  eof,  2021-12-21 13:17:00,  2021-12-21 13:17:20,  20,  modelParams|tmParams|minThreshold_10.modelParams|sensorParams|encoders|value:n_248.modelParams|tmParams|activationThreshold_14.modelParams|tmParams|pamLength_2.modelParams|clParams|alpha_0.0388669745129.modelParams|spParams|synPermInactiveDec_0.0479952790627,  1103,  10,  248,  14,  2,  0.0388669745129,  None,  None,  None,  0.0479952790627,  397.953022252,  5.93129058967, 
1001,  1242,  completed,  eof,  2021-12-21 13:17:05,  2021-12-21 13:17:26,  21,  modelParams|tmParams|minThreshold_11.modelParams|sensorParams|encoders|value:n_268.modelParams|tmParams|activationThreshold_14.modelParams|tmParams|pamLength_2.modelParams|clParams|alpha_0.0403362312817.modelParams|spParams|synPermInactiveDec_0.0444889853165,  1109,  11,  268,  14,  2,  0.0403362312817,  None,  None,  None,  0.0444889853165,  398.686865959,  5.91040646333, 
1001,  1243,  completed,  eof,  2021-12-21 13:17:07,  2021-12-21 13:17:26,  19,  modelParams|tmParams|minThreshold_10.modelParams|sensorParams|encoders|value:n_252.modelParams|tmParams|activationThreshold_14.modelParams|tmParams|pamLength_1.modelParams|clParams|alpha_0.0398290117889.modelParams|spParams|synPermInactiveDec_0.0477473433636,  1111,  10,  252,  14,  1,  0.0398290117889,  None,  None,  None,  0.0477473433636,  399.918719803,  5.91769234967, 
1001,  1244,  completed,  eof,  2021-12-21 13:17:14,  2021-12-21 13:17:31,  17,  modelParams|tmParams|minThreshold_10.modelParams|sensorParams|encoders|value:n_245.modelParams|tmParams|activationThreshold_15.modelParams|tmParams|pamLength_1.modelParams|clParams|alpha_0.0379589200996.modelParams|spParams|synPermInactiveDec_0.0478994404774,  1115,  10,  245,  15,  1,  0.0379589200996,  None,  None,  None,  0.0478994404774,  402.937437494,  5.94013936918, 
1001,  1245,  completed,  eof,  2021-12-21 13:17:20,  2021-12-21 13:17:39,  19,  modelParams|tmParams|minThreshold_11.modelParams|sensorParams|encoders|value:n_267.modelParams|tmParams|activationThreshold_14.modelParams|tmParams|pamLength_2.modelParams|clParams|alpha_0.0477097999932.modelParams|spParams|synPermInactiveDec_0.0476734082372,  1121,  11,  267,  14,  2,  0.0477097999932,  None,  None,  None,  0.0476734082372,  423.835282871,  6.21406577099, 
1001,  1246,  completed,  eof,  2021-12-21 13:17:27,  2021-12-21 13:17:47,  20,  modelParams|tmParams|minThreshold_11.modelParams|sensorParams|encoders|value:n_265.modelParams|tmParams|activationThreshold_14.modelParams|tmParams|pamLength_2.modelParams|clParams|alpha_0.0396850853339.modelParams|spParams|synPermInactiveDec_0.044437704053,  1127,  11,  265,  14,  2,  0.0396850853339,  None,  None,  None,  0.044437704053,  404.566616977,  5.89997524172, 
1001,  1247,  completed,  eof,  2021-12-21 13:17:27,  2021-12-21 13:17:47,  20,  modelParams|tmParams|minThreshold_11.modelParams|sensorParams|encoders|value:n_273.modelParams|tmParams|activationThreshold_14.modelParams|tmParams|pamLength_2.modelParams|clParams|alpha_0.0407905007144.modelParams|spParams|synPermInactiveDec_0.0436504710018,  1128,  11,  273,  14,  2,  0.0407905007144,  None,  None,  None,  0.0436504710018,  409.896557767,  5.97198723217, 
1001,  1248,  completed,  eof,  2021-12-21 13:17:31,  2021-12-21 13:17:52,  21,  modelParams|tmParams|minThreshold_11.modelParams|sensorParams|encoders|value:n_271.modelParams|tmParams|activationThreshold_14.modelParams|tmParams|pamLength_2.modelParams|clParams|alpha_0.0403198624755.modelParams|spParams|synPermInactiveDec_0.0430215164526,  1132,  11,  271,  14,  2,  0.0403198624755,  None,  None,  None,  0.0430215164526,  419.939589562,  6.09382302569, 
1001,  1249,  completed,  eof,  2021-12-21 13:17:39,  2021-12-21 13:17:58,  19,  modelParams|tmParams|minThreshold_10.modelParams|sensorParams|encoders|value:n_273.modelParams|tmParams|activationThreshold_14.modelParams|tmParams|pamLength_2.modelParams|clParams|alpha_0.0404751680418.modelParams|spParams|synPermInactiveDec_0.0420881299904,  1139,  10,  273,  14,  2,  0.0404751680418,  None,  None,  None,  0.0420881299904,  424.193166188,  6.11016816598, 
1001,  1250,  completed,  eof,  2021-12-21 13:17:48,  2021-12-21 13:18:07,  19,  modelParams|tmParams|minThreshold_11.modelParams|sensorParams|encoders|value:n_264.modelParams|tmParams|activationThreshold_13.modelParams|tmParams|pamLength_3.modelParams|clParams|alpha_0.0413360564906.modelParams|spParams|synPermInactiveDec_0.0451545171759,  1146,  11,  264,  13,  3,  0.0413360564906,  None,  None,  None,  0.0451545171759,  429.621663203,  6.14268289461, 
1001,  1251,  completed,  eof,  2021-12-21 13:17:48,  2021-12-21 13:18:08,  20,  modelParams|tmParams|minThreshold_11.modelParams|sensorParams|encoders|value:n_269.modelParams|tmParams|activationThreshold_14.modelParams|tmParams|pamLength_2.modelParams|clParams|alpha_0.0398896130391.modelParams|spParams|synPermInactiveDec_0.0435483103005,  1146,  11,  269,  14,  2,  0.0398896130391,  None,  None,  None,  0.0435483103005,  407.277549013,  5.82320922793, 
1001,  1252,  completed,  eof,  2021-12-21 13:17:52,  2021-12-21 13:18:12,  20,  modelParams|tmParams|minThreshold_11.modelParams|sensorParams|encoders|value:n_266.modelParams|tmParams|activationThreshold_14.modelParams|tmParams|pamLength_2.modelParams|clParams|alpha_0.0398965399412.modelParams|spParams|synPermInactiveDec_0.0444157977883,  1152,  11,  266,  14,  2,  0.0398965399412,  None,  None,  None,  0.0444157977883,  410.57160248,  5.83256905375, 
1001,  1253,  completed,  eof,  2021-12-21 13:17:59,  2021-12-21 13:18:19,  20,  modelParams|tmParams|minThreshold_11.modelParams|sensorParams|encoders|value:n_266.modelParams|tmParams|activationThreshold_14.modelParams|tmParams|pamLength_2.modelParams|clParams|alpha_0.0398083073975.modelParams|spParams|synPermInactiveDec_0.044307770867,  1157,  11,  266,  14,  2,  0.0398083073975,  None,  None,  None,  0.044307770867,  410.84118742,  5.80496231435, 
1001,  1254,  completed,  eof,  2021-12-21 13:18:07,  2021-12-21 13:18:29,  22,  modelParams|tmParams|minThreshold_11.modelParams|sensorParams|encoders|value:n_267.modelParams|tmParams|activationThreshold_14.modelParams|tmParams|pamLength_2.modelParams|clParams|alpha_0.0398533313744.modelParams|spParams|synPermInactiveDec_0.0442792289026,  1166,  11,  267,  14,  2,  0.0398533313744,  None,  None,  None,  0.0442792289026,  420.981928206,  5.8872294081, 
1001,  1255,  completed,  eof,  2021-12-21 13:18:09,  2021-12-21 13:18:33,  24,  modelParams|tmParams|minThreshold_11.modelParams|sensorParams|encoders|value:n_267.modelParams|tmParams|activationThreshold_15.modelParams|tmParams|pamLength_2.modelParams|clParams|alpha_0.0385682258566.modelParams|spParams|synPermInactiveDec_0.042915146855,  1168,  11,  267,  15,  2,  0.0385682258566,  None,  None,  None,  0.042915146855,  402.745603897,  5.61956986342, 
1001,  1256,  completed,  eof,  2021-12-21 13:18:13,  2021-12-21 13:18:34,  21,  modelParams|tmParams|minThreshold_11.modelParams|sensorParams|encoders|value:n_270.modelParams|tmParams|activationThreshold_14.modelParams|tmParams|pamLength_2.modelParams|clParams|alpha_0.0399407449654.modelParams|spParams|synPermInactiveDec_0.0433259618624,  1171,  11,  270,  14,  2,  0.0399407449654,  None,  None,  None,  0.0433259618624,  408.558781338,  5.68258081959, 
1001,  1257,  completed,  eof,  2021-12-21 13:18:21,  2021-12-21 13:18:39,  18,  modelParams|tmParams|minThreshold_11.modelParams|sensorParams|encoders|value:n_264.modelParams|tmParams|activationThreshold_14.modelParams|tmParams|pamLength_2.modelParams|clParams|alpha_0.0396014120791.modelParams|spParams|synPermInactiveDec_0.0444988711575,  1176,  11,  264,  14,  2,  0.0396014120791,  None,  None,  None,  0.0444988711575,  407.421116517,  5.63730831909, 
1001,  1258,  completed,  eof,  2021-12-21 13:18:30,  2021-12-21 13:18:50,  20,  modelParams|tmParams|minThreshold_11.modelParams|sensorParams|encoders|value:n_265.modelParams|tmParams|activationThreshold_14.modelParams|tmParams|pamLength_2.modelParams|clParams|alpha_0.039680418628.modelParams|spParams|synPermInactiveDec_0.0446293344706,  1185,  11,  265,  14,  2,  0.039680418628,  None,  None,  None,  0.0446293344706,  422.117649929,  5.79461894967, 
1001,  1259,  completed,  eof,  2021-12-21 13:18:33,  2021-12-21 13:18:54,  21,  modelParams|tmParams|minThreshold_12.modelParams|sensorParams|encoders|value:n_265.modelParams|tmParams|activationThreshold_15.modelParams|tmParams|pamLength_2.modelParams|clParams|alpha_0.0386544707648.modelParams|spParams|synPermInactiveDec_0.0434599995621,  1188,  12,  265,  15,  2,  0.0386544707648,  None,  None,  None,  0.0434599995621,  415.5054082,  5.68949463196, 
1001,  1260,  completed,  eof,  2021-12-21 13:18:34,  2021-12-21 13:18:56,  22,  modelParams|tmParams|minThreshold_11.modelParams|sensorParams|encoders|value:n_268.modelParams|tmParams|activationThreshold_15.modelParams|tmParams|pamLength_2.modelParams|clParams|alpha_0.0378762681981.modelParams|spParams|synPermInactiveDec_0.0423553042747,  1190,  11,  268,  15,  2,  0.0378762681981,  None,  None,  None,  0.0423553042747,  419.287377793,  5.73233254223, 
1001,  1261,  completed,  eof,  2021-12-21 13:18:41,  2021-12-21 13:19:04,  23,  modelParams|tmParams|minThreshold_11.modelParams|sensorParams|encoders|value:n_267.modelParams|tmParams|activationThreshold_15.modelParams|tmParams|pamLength_2.modelParams|clParams|alpha_0.0388391537587.modelParams|spParams|synPermInactiveDec_0.0428586797324,  1197,  11,  267,  15,  2,  0.0388391537587,  None,  None,  None,  0.0428586797324,  416.262181536,  5.67014232965, 
1001,  1262,  completed,  eof,  2021-12-21 13:18:50,  2021-12-21 13:19:12,  22,  modelParams|tmParams|minThreshold_11.modelParams|sensorParams|encoders|value:n_266.modelParams|tmParams|activationThreshold_15.modelParams|tmParams|pamLength_2.modelParams|clParams|alpha_0.0386887667049.modelParams|spParams|synPermInactiveDec_0.0429325226773,  1204,  11,  266,  15,  2,  0.0386887667049,  None,  None,  None,  0.0429325226773,  421.846714771,  5.72955278509, 
1001,  1263,  completed,  killed,  2021-12-21 13:18:54,  2021-12-21 13:19:14,  20,  modelParams|tmParams|minThreshold_11.modelParams|sensorParams|encoders|value:n_266.modelParams|tmParams|activationThreshold_15.modelParams|tmParams|pamLength_2.modelParams|clParams|alpha_0.0387454361177.modelParams|spParams|synPermInactiveDec_0.0429918657684,  1100,  11,  266,  15,  2,  0.0387454361177,  None,  None,  None,  0.0429918657684,  397.872254921,  5.9462175289, 
1001,  1264,  completed,  killed,  2021-12-21 13:18:56,  2021-12-21 13:19:14,  18,  modelParams|tmParams|minThreshold_11.modelParams|sensorParams|encoders|value:n_267.modelParams|tmParams|activationThreshold_15.modelParams|tmParams|pamLength_2.modelParams|clParams|alpha_0.0382847317425.modelParams|spParams|synPermInactiveDec_0.0427091723825,  900,  11,  267,  15,  2,  0.0382847317425,  None,  None,  None,  0.0427091723825,  348.576960361,  6.38647120183, 
1001,  1265,  completed,  killed,  2021-12-21 13:19:04,  2021-12-21 13:19:13,  9,  modelParams|tmParams|minThreshold_11.modelParams|sensorParams|encoders|value:n_267.modelParams|tmParams|activationThreshold_15.modelParams|tmParams|pamLength_1.modelParams|clParams|alpha_0.0384326790111.modelParams|spParams|synPermInactiveDec_0.0429005942581,  450,  11,  267,  15,  1,  0.0384326790111,  None,  None,  None,  0.0429005942581,  410.528990512,  8.58610212218, 
1001,  1266,  completed,  eof,  2021-12-21 13:19:13,  2021-12-21 13:19:37,  24,  modelParams|tmParams|minThreshold_11.modelParams|sensorParams|encoders|value:n_292.modelParams|tmParams|activationThreshold_14.modelParams|tmParams|pamLength_3.modelParams|clParams|alpha_0.05005.modelParams|sensorParams|encoders|Date_dayOfWeek:radius_3.5.modelParams|spParams|synPermInactiveDec_0.05015,  1227,  11,  292,  14,  3,  0.05005,  None,  None,  3.5,  0.05015,  645.573017082,  8.65097049801, 
1001,  1267,  completed,  eof,  2021-12-21 13:19:14,  2021-12-21 13:19:37,  23,  modelParams|tmParams|minThreshold_11.modelParams|sensorParams|encoders|value:n_292.modelParams|tmParams|activationThreshold_14.modelParams|tmParams|pamLength_3.modelParams|clParams|alpha_0.05005.modelParams|sensorParams|encoders|Date_timeOfDay:radius_6.25.modelParams|spParams|synPermInactiveDec_0.05015,  1227,  11,  292,  14,  3,  0.05005,  None,  6.25,  None,  0.05015,  531.413667091,  7.12118356034, 
1001,  1268,  completed,  eof,  2021-12-21 13:19:14,  2021-12-21 13:19:35,  21,  modelParams|tmParams|minThreshold_11.modelParams|sensorParams|encoders|value:n_292.modelParams|tmParams|activationThreshold_14.modelParams|tmParams|pamLength_3.modelParams|clParams|alpha_0.05005.modelParams|sensorParams|encoders|Date_weekend:radius_1.modelParams|spParams|synPermInactiveDec_0.05015,  1225,  11,  292,  14,  3,  0.05005,  1,  None,  None,  0.05015,  633.975834433,  8.50592996302, 
1001,  1269,  completed,  eof,  2021-12-21 13:19:14,  2021-12-21 13:19:39,  25,  modelParams|tmParams|minThreshold_9.modelParams|sensorParams|encoders|value:n_292.modelParams|tmParams|activationThreshold_12.modelParams|tmParams|pamLength_1.modelParams|clParams|alpha_0.0001.modelParams|sensorParams|encoders|Date_dayOfWeek:radius_1.0.modelParams|spParams|synPermInactiveDec_0.1,  1227,  9,  292,  12,  1,  0.0001,  None,  None,  1.0,  0.1,  289.772624253,  3.88308426346, 
1001,  1270,  completed,  eof,  2021-12-21 13:19:35,  2021-12-21 13:20:02,  27,  modelParams|tmParams|minThreshold_9.modelParams|sensorParams|encoders|value:n_292.modelParams|tmParams|activationThreshold_12.modelParams|tmParams|pamLength_1.modelParams|clParams|alpha_0.0001.modelParams|sensorParams|encoders|Date_timeOfDay:radius_0.5.modelParams|spParams|synPermInactiveDec_0.1,  1247,  9,  292,  12,  1,  0.0001,  None,  0.5,  None,  0.1,  290.935805896,  3.84812778348, 
1001,  1271,  completed,  eof,  2021-12-21 13:19:38,  2021-12-21 13:20:01,  23,  modelParams|tmParams|minThreshold_9.modelParams|sensorParams|encoders|value:n_322.modelParams|tmParams|activationThreshold_12.modelParams|tmParams|pamLength_1.modelParams|clParams|alpha_0.0001.modelParams|sensorParams|encoders|Date_weekend:radius_1.modelParams|spParams|synPermInactiveDec_0.1,  1247,  9,  322,  12,  1,  0.0001,  1,  None,  None,  0.1,  290.935805895,  3.84812778348, 
1001,  1272,  completed,  eof,  2021-12-21 13:19:38,  2021-12-21 13:20:02,  24,  modelParams|tmParams|minThreshold_12.modelParams|sensorParams|encoders|value:n_312.modelParams|tmParams|activationThreshold_16.modelParams|tmParams|pamLength_5.modelParams|clParams|alpha_0.1.modelParams|sensorParams|encoders|Date_dayOfWeek:radius_6.0.modelParams|spParams|synPermInactiveDec_0.0003,  1248,  12,  312,  16,  5,  0.1,  None,  None,  6.0,  0.0003,  1011.84118705,  13.3733319547, 
1001,  1273,  completed,  eof,  2021-12-21 13:19:39,  2021-12-21 13:20:00,  21,  modelParams|tmParams|minThreshold_12.modelParams|sensorParams|encoders|value:n_312.modelParams|tmParams|activationThreshold_16.modelParams|tmParams|pamLength_5.modelParams|clParams|alpha_0.1.modelParams|sensorParams|encoders|Date_timeOfDay:radius_12.0.modelParams|spParams|synPermInactiveDec_0.0003,  1247,  12,  312,  16,  5,  0.1,  None,  12.0,  None,  0.0003,  923.210610284,  12.2110524983, 
1001,  1274,  completed,  eof,  2021-12-21 13:20:00,  2021-12-21 13:20:22,  22,  modelParams|tmParams|minThreshold_12.modelParams|sensorParams|encoders|value:n_312.modelParams|tmParams|activationThreshold_16.modelParams|tmParams|pamLength_5.modelParams|clParams|alpha_0.1.modelParams|sensorParams|encoders|Date_weekend:radius_1.modelParams|spParams|synPermInactiveDec_0.0003,  1265,  12,  312,  16,  5,  0.1,  1,  None,  None,  0.0003,  1043.58906282,  13.6317193681, 
1001,  1275,  completed,  eof,  2021-12-21 13:20:02,  2021-12-21 13:20:26,  24,  modelParams|tmParams|minThreshold_10.modelParams|sensorParams|encoders|value:n_265.modelParams|tmParams|activationThreshold_13.modelParams|tmParams|pamLength_2.modelParams|clParams|alpha_0.025075.modelParams|sensorParams|encoders|Date_dayOfWeek:radius_4.75.modelParams|spParams|synPermInactiveDec_0.075075,  1269,  10,  265,  13,  2,  0.025075,  None,  None,  4.75,  0.075075,  489.816082434,  6.38327793937, 
1001,  1276,  completed,  eof,  2021-12-21 13:20:02,  2021-12-21 13:20:25,  23,  modelParams|tmParams|minThreshold_10.modelParams|sensorParams|encoders|value:n_265.modelParams|tmParams|activationThreshold_13.modelParams|tmParams|pamLength_2.modelParams|clParams|alpha_0.025075.modelParams|sensorParams|encoders|Date_timeOfDay:radius_9.125.modelParams|spParams|synPermInactiveDec_0.075075,  1269,  10,  265,  13,  2,  0.025075,  None,  9.125,  None,  0.075075,  524.470536534,  6.83489441398, 
1001,  1277,  completed,  eof,  2021-12-21 13:20:02,  2021-12-21 13:20:26,  24,  modelParams|tmParams|minThreshold_10.modelParams|sensorParams|encoders|value:n_293.modelParams|tmParams|activationThreshold_13.modelParams|tmParams|pamLength_2.modelParams|clParams|alpha_0.025075.modelParams|sensorParams|encoders|Date_weekend:radius_1.modelParams|spParams|synPermInactiveDec_0.075075,  1269,  10,  293,  13,  2,  0.025075,  1,  None,  None,  0.075075,  506.921496833,  6.60619551657, 
1001,  1278,  completed,  eof,  2021-12-21 13:20:22,  2021-12-21 13:20:45,  23,  modelParams|tmParams|minThreshold_11.modelParams|sensorParams|encoders|value:n_263.modelParams|tmParams|activationThreshold_15.modelParams|tmParams|pamLength_4.modelParams|clParams|alpha_0.075025.modelParams|sensorParams|encoders|Date_dayOfWeek:radius_2.25.modelParams|spParams|synPermInactiveDec_0.025225,  1286,  11,  263,  15,  4,  0.075025,  None,  None,  2.25,  0.025225,  784.50627029,  10.1024976841, 
1001,  1279,  completed,  eof,  2021-12-21 13:20:26,  2021-12-21 13:20:51,  25,  modelParams|tmParams|minThreshold_11.modelParams|sensorParams|encoders|value:n_313.modelParams|tmParams|activationThreshold_15.modelParams|tmParams|pamLength_4.modelParams|clParams|alpha_0.075025.modelParams|sensorParams|encoders|Date_timeOfDay:radius_3.375.modelParams|spParams|synPermInactiveDec_0.025225,  1292,  11,  313,  15,  4,  0.075025,  None,  3.375,  None,  0.025225,  564.302877049,  7.23514333419, 
1001,  1280,  completed,  eof,  2021-12-21 13:20:27,  2021-12-21 13:20:51,  24,  modelParams|tmParams|minThreshold_11.modelParams|sensorParams|encoders|value:n_288.modelParams|tmParams|activationThreshold_15.modelParams|tmParams|pamLength_4.modelParams|clParams|alpha_0.075025.modelParams|sensorParams|encoders|Date_weekend:radius_1.modelParams|spParams|synPermInactiveDec_0.025225,  1291,  11,  288,  15,  4,  0.075025,  1,  None,  None,  0.025225,  737.696724463,  9.46530816441, 
1001,  1281,  completed,  eof,  2021-12-21 13:20:27,  2021-12-21 13:20:53,  26,  modelParams|tmParams|minThreshold_11.modelParams|sensorParams|encoders|value:n_339.modelParams|tmParams|activationThreshold_15.modelParams|tmParams|pamLength_4.modelParams|clParams|alpha_0.075025.modelParams|sensorParams|encoders|Date_weekend:radius_1.modelParams|spParams|synPermInactiveDec_0.025225,  1292,  11,  339,  15,  4,  0.075025,  1,  None,  None,  0.025225,  719.156404136,  9.22057971924, 
1001,  1282,  completed,  eof,  2021-12-21 13:20:46,  2021-12-21 13:21:11,  25,  modelParams|tmParams|minThreshold_9.modelParams|sensorParams|encoders|value:n_298.modelParams|tmParams|activationThreshold_12.modelParams|tmParams|pamLength_2.modelParams|clParams|alpha_0.0144896515556.modelParams|sensorParams|encoders|Date_dayOfWeek:radius_1.2446447119.modelParams|spParams|synPermInactiveDec_0.0989798227547,  1310,  9,  298,  12,  2,  0.0144896515556,  None,  None,  1.2446447119,  0.0989798227547,  496.971033551,  6.29943890686, 
1001,  1283,  completed,  eof,  2021-12-21 13:20:51,  2021-12-21 13:21:16,  25,  modelParams|tmParams|minThreshold_9.modelParams|sensorParams|encoders|value:n_298.modelParams|tmParams|activationThreshold_12.modelParams|tmParams|pamLength_2.modelParams|clParams|alpha_0.0144896515556.modelParams|sensorParams|encoders|Date_timeOfDay:radius_1.06268283736.modelParams|spParams|synPermInactiveDec_0.0989798227547,  1314,  9,  298,  12,  2,  0.0144896515556,  None,  1.06268283736,  None,  0.0989798227547,  408.669060038,  5.17000474881, 
1001,  1284,  completed,  eof,  2021-12-21 13:20:51,  2021-12-21 13:21:19,  28,  modelParams|tmParams|minThreshold_9.modelParams|sensorParams|encoders|value:n_298.modelParams|tmParams|activationThreshold_12.modelParams|tmParams|pamLength_1.modelParams|clParams|alpha_0.0001.modelParams|sensorParams|encoders|Date_dayOfWeek:radius_1.25.modelParams|spParams|synPermInactiveDec_0.1,  1316,  9,  298,  12,  1,  0.0001,  None,  None,  1.25,  0.1,  293.186941879,  3.70572491231, 
1001,  1285,  completed,  eof,  2021-12-21 13:20:54,  2021-12-21 13:21:21,  27,  modelParams|tmParams|minThreshold_9.modelParams|sensorParams|encoders|value:n_298.modelParams|tmParams|activationThreshold_12.modelParams|tmParams|pamLength_1.modelParams|clParams|alpha_0.0001.modelParams|sensorParams|encoders|Date_timeOfDay:radius_1.075.modelParams|spParams|synPermInactiveDec_0.095015,  1318,  9,  298,  12,  1,  0.0001,  None,  1.075,  None,  0.095015,  293.05062181,  3.70059181906, 
1001,  1286,  completed,  eof,  2021-12-21 13:21:12,  2021-12-21 13:21:34,  22,  modelParams|tmParams|minThreshold_9.modelParams|sensorParams|encoders|value:n_325.modelParams|tmParams|activationThreshold_12.modelParams|tmParams|pamLength_2.modelParams|clParams|alpha_0.0144896515556.modelParams|sensorParams|encoders|Date_weekend:radius_1.modelParams|spParams|synPermInactiveDec_0.0955441272355,  1331,  9,  325,  12,  2,  0.0144896515556,  1,  None,  None,  0.0955441272355,  418.602222916,  5.25523171086, 
1001,  1287,  completed,  eof,  2021-12-21 13:21:16,  2021-12-21 13:21:43,  27,  modelParams|tmParams|minThreshold_9.modelParams|sensorParams|encoders|value:n_306.modelParams|tmParams|activationThreshold_12.modelParams|tmParams|pamLength_1.modelParams|clParams|alpha_0.0238843031113.modelParams|sensorParams|encoders|Date_dayOfWeek:radius_1.23928942379.modelParams|spParams|synPermInactiveDec_0.0830046455094,  1338,  9,  306,  12,  1,  0.0238843031113,  None,  None,  1.23928942379,  0.0830046455094,  579.67247079,  7.25140113908, 
1001,  1288,  completed,  eof,  2021-12-21 13:21:19,  2021-12-21 13:21:44,  25,  modelParams|tmParams|minThreshold_9.modelParams|sensorParams|encoders|value:n_306.modelParams|tmParams|activationThreshold_12.modelParams|tmParams|pamLength_1.modelParams|clParams|alpha_0.0238843031113.modelParams|sensorParams|encoders|Date_timeOfDay:radius_1.05036567472.modelParams|spParams|synPermInactiveDec_0.0830046455094,  1339,  9,  306,  12,  1,  0.0238843031113,  None,  1.05036567472,  None,  0.0830046455094,  448.32961911,  5.60572800025, 
1001,  1289,  completed,  eof,  2021-12-21 13:21:21,  2021-12-21 13:21:48,  27,  modelParams|tmParams|minThreshold_9.modelParams|sensorParams|encoders|value:n_336.modelParams|tmParams|activationThreshold_12.modelParams|tmParams|pamLength_1.modelParams|clParams|alpha_0.0001.modelParams|sensorParams|encoders|Date_weekend:radius_1.modelParams|spParams|synPermInactiveDec_0.095015,  1341,  9,  336,  12,  1,  0.0001,  1,  None,  None,  0.095015,  292.721900134,  3.65561004222, 
1001,  1290,  completed,  eof,  2021-12-21 13:21:34,  2021-12-21 13:22:00,  26,  modelParams|tmParams|minThreshold_9.modelParams|sensorParams|encoders|value:n_294.modelParams|tmParams|activationThreshold_12.modelParams|tmParams|pamLength_1.modelParams|clParams|alpha_0.0001.modelParams|sensorParams|encoders|Date_dayOfWeek:radius_1.modelParams|spParams|synPermInactiveDec_0.1,  1353,  9,  294,  12,  1,  0.0001,  None,  None,  1,  0.1,  290.324357166,  3.60195811491, 
1001,  1291,  completed,  eof,  2021-12-21 13:21:43,  2021-12-21 13:22:12,  29,  modelParams|tmParams|minThreshold_9.modelParams|sensorParams|encoders|value:n_294.modelParams|tmParams|activationThreshold_12.modelParams|tmParams|pamLength_1.modelParams|clParams|alpha_0.0001.modelParams|sensorParams|encoders|Date_timeOfDay:radius_0.5.modelParams|spParams|synPermInactiveDec_0.0975979291019,  1362,  9,  294,  12,  1,  0.0001,  None,  0.5,  None,  0.0975979291019,  287.761064197,  3.56169870545, 
1001,  1292,  completed,  eof,  2021-12-21 13:21:45,  2021-12-21 13:22:12,  27,  modelParams|tmParams|minThreshold_9.modelParams|sensorParams|encoders|value:n_333.modelParams|tmParams|activationThreshold_12.modelParams|tmParams|pamLength_1.modelParams|clParams|alpha_0.0238843031113.modelParams|sensorParams|encoders|Date_weekend:radius_1.modelParams|spParams|synPermInactiveDec_0.086103254471,  1364,  9,  333,  12,  1,  0.0238843031113,  1,  None,  None,  0.086103254471,  416.661629159,  5.1567209704, 
1001,  1293,  completed,  eof,  2021-12-21 13:21:48,  2021-12-21 13:22:13,  25,  modelParams|tmParams|minThreshold_9.modelParams|sensorParams|encoders|value:n_293.modelParams|tmParams|activationThreshold_12.modelParams|tmParams|pamLength_1.modelParams|clParams|alpha_0.0191869773334.modelParams|sensorParams|encoders|Date_dayOfWeek:radius_1.modelParams|spParams|synPermInactiveDec_0.086007234132,  1365,  9,  293,  12,  1,  0.0191869773334,  None,  None,  1,  0.086007234132,  515.169869056,  6.37584367339, 
1001,  1294,  completed,  eof,  2021-12-21 13:22:00,  2021-12-21 13:22:28,  28,  modelParams|tmParams|minThreshold_9.modelParams|sensorParams|encoders|value:n_312.modelParams|tmParams|activationThreshold_12.modelParams|tmParams|pamLength_1.modelParams|clParams|alpha_0.0191869773334.modelParams|sensorParams|encoders|Date_timeOfDay:radius_0.5.modelParams|spParams|synPermInactiveDec_0.0816227518566,  1377,  9,  312,  12,  1,  0.0191869773334,  None,  0.5,  None,  0.0816227518566,  381.757506664,  4.76484128044, 
1001,  1295,  completed,  eof,  2021-12-21 13:22:12,  2021-12-21 13:22:43,  31,  modelParams|tmParams|minThreshold_9.modelParams|sensorParams|encoders|value:n_337.modelParams|tmParams|activationThreshold_12.modelParams|tmParams|pamLength_1.modelParams|clParams|alpha_0.0001.modelParams|sensorParams|encoders|Date_weekend:radius_1.modelParams|spParams|synPermInactiveDec_0.0962236508942,  1390,  9,  337,  12,  1,  0.0001,  1,  None,  None,  0.0962236508942,  258.677741441,  3.25588025857, 
1001,  1296,  completed,  eof,  2021-12-21 13:22:13,  2021-12-21 13:22:43,  30,  modelParams|tmParams|minThreshold_9.modelParams|sensorParams|encoders|value:n_296.modelParams|tmParams|activationThreshold_12.modelParams|tmParams|pamLength_1.modelParams|clParams|alpha_0.0001.modelParams|sensorParams|encoders|Date_dayOfWeek:radius_1.modelParams|spParams|synPermInactiveDec_0.1,  1390,  9,  296,  12,  1,  0.0001,  None,  None,  1,  0.1,  258.677741441,  3.25588025857, 
1001,  1297,  completed,  eof,  2021-12-21 13:22:14,  2021-12-21 13:22:45,  31,  modelParams|tmParams|minThreshold_9.modelParams|sensorParams|encoders|value:n_296.modelParams|tmParams|activationThreshold_12.modelParams|tmParams|pamLength_1.modelParams|clParams|alpha_0.0001.modelParams|sensorParams|encoders|Date_timeOfDay:radius_0.5.modelParams|spParams|synPermInactiveDec_0.1,  1392,  9,  296,  12,  1,  0.0001,  None,  0.5,  None,  0.1,  256.43695189,  3.22997401569, 
1001,  1298,  completed,  eof,  2021-12-21 13:22:28,  2021-12-21 13:23:01,  33,  modelParams|tmParams|minThreshold_9.modelParams|sensorParams|encoders|value:n_336.modelParams|tmParams|activationThreshold_12.modelParams|tmParams|pamLength_1.modelParams|clParams|alpha_0.0191869773334.modelParams|sensorParams|encoders|Date_weekend:radius_1.modelParams|spParams|synPermInactiveDec_0.0867827781297,  1408,  9,  336,  12,  1,  0.0191869773334,  1,  None,  None,  0.0867827781297,  329.36970605,  4.18152649992, 
1001,  1299,  completed,  eof,  2021-12-21 13:22:44,  2021-12-21 13:23:14,  30,  modelParams|tmParams|minThreshold_9.modelParams|sensorParams|encoders|value:n_298.modelParams|tmParams|activationThreshold_12.modelParams|tmParams|pamLength_1.modelParams|clParams|alpha_0.0001.modelParams|sensorParams|encoders|Date_dayOfWeek:radius_1.06196447119.modelParams|spParams|synPermInactiveDec_0.1,  1418,  9,  298,  12,  1,  0.0001,  None,  None,  1.06196447119,  0.1,  238.860287827,  3.03107437432, 
1001,  1300,  completed,  eof,  2021-12-21 13:22:44,  2021-12-21 13:23:18,  34,  modelParams|tmParams|minThreshold_9.modelParams|sensorParams|encoders|value:n_296.modelParams|tmParams|activationThreshold_12.modelParams|tmParams|pamLength_1.modelParams|clParams|alpha_0.0001.modelParams|sensorParams|encoders|Date_timeOfDay:radius_0.642518283736.modelParams|spParams|synPermInactiveDec_0.0960405267033,  1421,  9,  296,  12,  1,  0.0001,  None,  0.642518283736,  None,  0.0960405267033,  238.156348862,  3.02039865267, 
1001,  1301,  completed,  eof,  2021-12-21 13:22:46,  2021-12-21 13:23:16,  30,  modelParams|tmParams|minThreshold_9.modelParams|sensorParams|encoders|value:n_355.modelParams|tmParams|activationThreshold_12.modelParams|tmParams|pamLength_1.modelParams|clParams|alpha_0.0191869773334.modelParams|sensorParams|encoders|Date_weekend:radius_1.modelParams|spParams|synPermInactiveDec_0.0877625279344,  1420,  9,  355,  12,  1,  0.0191869773334,  1,  None,  None,  0.0877625279344,  306.194267595,  3.88413861404, 
1001,  1302,  completed,  eof,  2021-12-21 13:23:01,  2021-12-21 13:23:30,  29,  modelParams|tmParams|minThreshold_9.modelParams|sensorParams|encoders|value:n_295.modelParams|tmParams|activationThreshold_12.modelParams|tmParams|pamLength_1.modelParams|clParams|alpha_0.0001.modelParams|sensorParams|encoders|Date_dayOfWeek:radius_1.modelParams|spParams|synPermInactiveDec_0.1,  1432,  9,  295,  12,  1,  0.0001,  None,  None,  1,  0.1,  233.320125718,  2.93797270548, 
1001,  1303,  completed,  eof,  2021-12-21 13:23:14,  2021-12-21 13:23:47,  33,  modelParams|tmParams|minThreshold_9.modelParams|sensorParams|encoders|value:n_295.modelParams|tmParams|activationThreshold_12.modelParams|tmParams|pamLength_1.modelParams|clParams|alpha_0.0001.modelParams|sensorParams|encoders|Date_timeOfDay:radius_0.5.modelParams|spParams|synPermInactiveDec_0.1,  1447,  9,  295,  12,  1,  0.0001,  None,  0.5,  None,  0.1,  232.4931765,  2.89253880724, 
1001,  1304,  completed,  eof,  2021-12-21 13:23:16,  2021-12-21 13:23:47,  31,  modelParams|tmParams|minThreshold_9.modelParams|sensorParams|encoders|value:n_344.modelParams|tmParams|activationThreshold_12.modelParams|tmParams|pamLength_1.modelParams|clParams|alpha_0.0001.modelParams|sensorParams|encoders|Date_weekend:radius_1.modelParams|spParams|synPermInactiveDec_0.1,  1447,  9,  344,  12,  1,  0.0001,  1,  None,  None,  0.1,  232.4931765,  2.89253880724, 
1001,  1305,  completed,  eof,  2021-12-21 13:23:18,  2021-12-21 13:23:47,  29,  modelParams|tmParams|minThreshold_9.modelParams|sensorParams|encoders|value:n_305.modelParams|tmParams|activationThreshold_12.modelParams|tmParams|pamLength_1.modelParams|clParams|alpha_0.0001.modelParams|sensorParams|encoders|Date_dayOfWeek:radius_1.modelParams|spParams|synPermInactiveDec_0.1,  1447,  9,  305,  12,  1,  0.0001,  None,  None,  1,  0.1,  232.4931765,  2.89253880724, 
1001,  1306,  completed,  eof,  2021-12-21 13:23:30,  2021-12-21 13:24:01,  31,  modelParams|tmParams|minThreshold_9.modelParams|sensorParams|encoders|value:n_303.modelParams|tmParams|activationThreshold_12.modelParams|tmParams|pamLength_1.modelParams|clParams|alpha_0.0001.modelParams|sensorParams|encoders|Date_timeOfDay:radius_0.5.modelParams|spParams|synPermInactiveDec_0.1,  1460,  9,  303,  12,  1,  0.0001,  None,  0.5,  None,  0.1,  234.871069082,  2.88508034097, 
1001,  1307,  completed,  eof,  2021-12-21 13:23:47,  2021-12-21 13:24:21,  34,  modelParams|tmParams|minThreshold_9.modelParams|sensorParams|encoders|value:n_346.modelParams|tmParams|activationThreshold_12.modelParams|tmParams|pamLength_1.modelParams|clParams|alpha_0.0001.modelParams|sensorParams|encoders|Date_weekend:radius_1.modelParams|spParams|synPermInactiveDec_0.0978096627235,  1478,  9,  346,  12,  1,  0.0001,  1,  None,  None,  0.0978096627235,  241.377359122,  2.89098700707, 
1001,  1308,  completed,  eof,  2021-12-21 13:23:48,  2021-12-21 13:24:16,  28,  modelParams|tmParams|minThreshold_9.modelParams|sensorParams|encoders|value:n_311.modelParams|tmParams|activationThreshold_12.modelParams|tmParams|pamLength_1.modelParams|clParams|alpha_0.0001.modelParams|sensorParams|encoders|Date_dayOfWeek:radius_1.modelParams|spParams|synPermInactiveDec_0.1,  1473,  9,  311,  12,  1,  0.0001,  None,  None,  1,  0.1,  237.127785392,  2.86548907308, 
1001,  1309,  completed,  eof,  2021-12-21 13:23:48,  2021-12-21 13:24:21,  33,  modelParams|tmParams|minThreshold_9.modelParams|sensorParams|encoders|value:n_275.modelParams|tmParams|activationThreshold_13.modelParams|tmParams|pamLength_2.modelParams|clParams|alpha_0.0170543308563.modelParams|sensorParams|encoders|Date_timeOfDay:radius_1.5799725744.modelParams|spParams|synPermInactiveDec_0.0836916090335,  1478,  9,  275,  13,  2,  0.0170543308563,  None,  1.5799725744,  None,  0.0836916090335,  379.691957517,  4.54758689822, 
1001,  1310,  completed,  eof,  2021-12-21 13:24:02,  2021-12-21 13:24:29,  27,  modelParams|tmParams|minThreshold_9.modelParams|sensorParams|encoders|value:n_347.modelParams|tmParams|activationThreshold_12.modelParams|tmParams|pamLength_1.modelParams|clParams|alpha_0.0001.modelParams|sensorParams|encoders|Date_weekend:radius_1.modelParams|spParams|synPermInactiveDec_0.1,  1486,  9,  347,  12,  1,  0.0001,  1,  None,  None,  0.1,  245.599652336,  2.89122208896, 
1001,  1311,  completed,  eof,  2021-12-21 13:24:16,  2021-12-21 13:24:45,  29,  modelParams|tmParams|minThreshold_9.modelParams|sensorParams|encoders|value:n_309.modelParams|tmParams|activationThreshold_12.modelParams|tmParams|pamLength_1.modelParams|clParams|alpha_0.0001.modelParams|sensorParams|encoders|Date_dayOfWeek:radius_1.modelParams|spParams|synPermInactiveDec_0.1,  1500,  9,  309,  12,  1,  0.0001,  None,  None,  1,  0.1,  271.75554906,  3.06249368652, 
1001,  1312,  completed,  eof,  2021-12-21 13:24:22,  2021-12-21 13:24:55,  33,  modelParams|tmParams|minThreshold_9.modelParams|sensorParams|encoders|value:n_302.modelParams|tmParams|activationThreshold_12.modelParams|tmParams|pamLength_1.modelParams|clParams|alpha_0.0001.modelParams|sensorParams|encoders|Date_timeOfDay:radius_0.5.modelParams|spParams|synPermInactiveDec_0.1,  1508,  9,  302,  12,  1,  0.0001,  None,  0.5,  None,  0.1,  280.647586169,  3.08552413316, 
1001,  1313,  completed,  eof,  2021-12-21 13:24:22,  2021-12-21 13:24:55,  33,  modelParams|tmParams|minThreshold_9.modelParams|sensorParams|encoders|value:n_356.modelParams|tmParams|activationThreshold_12.modelParams|tmParams|pamLength_1.modelParams|clParams|alpha_0.0001.modelParams|sensorParams|encoders|Date_weekend:radius_1.modelParams|spParams|synPermInactiveDec_0.1,  1508,  9,  356,  12,  1,  0.0001,  1,  None,  None,  0.1,  280.647586169,  3.08552413316, 
1001,  1314,  completed,  eof,  2021-12-21 13:24:29,  2021-12-21 13:24:58,  29,  modelParams|tmParams|minThreshold_9.modelParams|sensorParams|encoders|value:n_326.modelParams|tmParams|activationThreshold_12.modelParams|tmParams|pamLength_1.modelParams|clParams|alpha_0.00056828125.modelParams|sensorParams|encoders|Date_dayOfWeek:radius_1.18198334707.modelParams|spParams|synPermInactiveDec_0.09953265625,  1511,  9,  326,  12,  1,  0.00056828125,  None,  None,  1.18198334707,  0.09953265625,  288.398320544,  3.14715948922, 
1001,  1315,  completed,  eof,  2021-12-21 13:24:46,  2021-12-21 13:25:15,  29,  modelParams|tmParams|minThreshold_9.modelParams|sensorParams|encoders|value:n_302.modelParams|tmParams|activationThreshold_12.modelParams|tmParams|pamLength_1.modelParams|clParams|alpha_0.0001.modelParams|sensorParams|encoders|Date_timeOfDay:radius_0.5.modelParams|spParams|synPermInactiveDec_0.0997794039638,  1526,  9,  302,  12,  1,  0.0001,  None,  0.5,  None,  0.0997794039638,  304.249073961,  3.18698347917, 
1001,  1316,  completed,  eof,  2021-12-21 13:24:55,  2021-12-21 13:25:25,  30,  modelParams|tmParams|minThreshold_9.modelParams|sensorParams|encoders|value:n_357.modelParams|tmParams|activationThreshold_12.modelParams|tmParams|pamLength_1.modelParams|clParams|alpha_0.0001.modelParams|sensorParams|encoders|Date_weekend:radius_1.modelParams|spParams|synPermInactiveDec_0.1,  1536,  9,  357,  12,  1,  0.0001,  1,  None,  None,  0.1,  324.930935046,  3.2678866993, 
1001,  1317,  completed,  eof,  2021-12-21 13:24:55,  2021-12-21 13:25:25,  30,  modelParams|tmParams|minThreshold_9.modelParams|sensorParams|encoders|value:n_307.modelParams|tmParams|activationThreshold_12.modelParams|tmParams|pamLength_1.modelParams|clParams|alpha_0.0001.modelParams|sensorParams|encoders|Date_dayOfWeek:radius_1.modelParams|spParams|synPermInactiveDec_0.1,  1535,  9,  307,  12,  1,  0.0001,  None,  None,  1,  0.1,  321.596372058,  3.24891088413, 
1001,  1318,  completed,  eof,  2021-12-21 13:24:59,  2021-12-21 13:25:30,  31,  modelParams|tmParams|minThreshold_9.modelParams|sensorParams|encoders|value:n_300.modelParams|tmParams|activationThreshold_12.modelParams|tmParams|pamLength_1.modelParams|clParams|alpha_0.0001.modelParams|sensorParams|encoders|Date_timeOfDay:radius_0.5.modelParams|spParams|synPermInactiveDec_0.1,  1540,  9,  300,  12,  1,  0.0001,  None,  0.5,  None,  0.1,  333.682417956,  3.29237092953, 
1001,  1319,  completed,  eof,  2021-12-21 13:25:15,  2021-12-21 13:25:46,  31,  modelParams|tmParams|minThreshold_9.modelParams|sensorParams|encoders|value:n_351.modelParams|tmParams|activationThreshold_12.modelParams|tmParams|pamLength_1.modelParams|clParams|alpha_0.0001.modelParams|sensorParams|encoders|Date_weekend:radius_1.modelParams|spParams|synPermInactiveDec_0.1,  1554,  9,  351,  12,  1,  0.0001,  1,  None,  None,  0.1,  361.708457512,  3.37601572478, 
1001,  1320,  completed,  eof,  2021-12-21 13:25:25,  2021-12-21 13:25:52,  27,  modelParams|tmParams|minThreshold_9.modelParams|sensorParams|encoders|value:n_313.modelParams|tmParams|activationThreshold_12.modelParams|tmParams|pamLength_1.modelParams|clParams|alpha_0.0001.modelParams|sensorParams|encoders|Date_dayOfWeek:radius_1.modelParams|spParams|synPermInactiveDec_0.1,  1559,  9,  313,  12,  1,  0.0001,  None,  None,  1,  0.1,  371.613075918,  3.39073382491, 
1001,  1321,  completed,  eof,  2021-12-21 13:25:26,  2021-12-21 13:25:55,  29,  modelParams|tmParams|minThreshold_9.modelParams|sensorParams|encoders|value:n_305.modelParams|tmParams|activationThreshold_12.modelParams|tmParams|pamLength_1.modelParams|clParams|alpha_0.0001.modelParams|sensorParams|encoders|Date_timeOfDay:radius_0.5.modelParams|spParams|synPermInactiveDec_0.1,  1561,  9,  305,  12,  1,  0.0001,  None,  0.5,  None,  0.1,  378.480077417,  3.41990494059, 
1001,  1322,  completed,  eof,  2021-12-21 13:25:31,  2021-12-21 13:26:01,  30,  modelParams|tmParams|minThreshold_9.modelParams|sensorParams|encoders|value:n_350.modelParams|tmParams|activationThreshold_12.modelParams|tmParams|pamLength_1.modelParams|clParams|alpha_0.0001.modelParams|sensorParams|encoders|Date_weekend:radius_1.modelParams|spParams|synPermInactiveDec_0.1,  1566,  9,  350,  12,  1,  0.0001,  1,  None,  None,  0.1,  385.889996571,  3.40824699213, 
1001,  1323,  completed,  eof,  2021-12-21 13:25:47,  2021-12-21 13:26:17,  30,  modelParams|tmParams|minThreshold_9.modelParams|sensorParams|encoders|value:n_316.modelParams|tmParams|activationThreshold_12.modelParams|tmParams|pamLength_1.modelParams|clParams|alpha_0.0001.modelParams|sensorParams|encoders|Date_dayOfWeek:radius_1.modelParams|spParams|synPermInactiveDec_0.1,  1582,  9,  316,  12,  1,  0.0001,  None,  None,  1,  0.1,  409.091926844,  3.37359070056, 
1001,  1324,  completed,  eof,  2021-12-21 13:25:52,  2021-12-21 13:26:23,  31,  modelParams|tmParams|minThreshold_9.modelParams|sensorParams|encoders|value:n_295.modelParams|tmParams|activationThreshold_12.modelParams|tmParams|pamLength_1.modelParams|clParams|alpha_0.00752737211857.modelParams|sensorParams|encoders|Date_timeOfDay:radius_0.767679717887.modelParams|spParams|synPermInactiveDec_0.0939583129236,  1587,  9,  295,  12,  1,  0.00752737211857,  None,  0.767679717887,  None,  0.0939583129236,  536.795941171,  4.3343453276, 
1001,  1325,  completed,  eof,  2021-12-21 13:25:55,  2021-12-21 13:26:27,  32,  modelParams|tmParams|minThreshold_9.modelParams|sensorParams|encoders|value:n_349.modelParams|tmParams|activationThreshold_12.modelParams|tmParams|pamLength_1.modelParams|clParams|alpha_0.0001.modelParams|sensorParams|encoders|Date_weekend:radius_1.modelParams|spParams|synPermInactiveDec_0.0985083284044,  1591,  9,  349,  12,  1,  0.0001,  1,  None,  None,  0.0985083284044,  419.577718046,  3.32990042484, 
1001,  1326,  completed,  killed,  2021-12-21 13:26:01,  2021-12-21 13:26:19,  18,  modelParams|tmParams|minThreshold_9.modelParams|sensorParams|encoders|value:n_314.modelParams|tmParams|activationThreshold_12.modelParams|tmParams|pamLength_1.modelParams|clParams|alpha_0.0001.modelParams|sensorParams|encoders|Date_dayOfWeek:radius_1.modelParams|spParams|synPermInactiveDec_0.1,  1150,  9,  314,  12,  1,  0.0001,  None,  None,  1,  0.1,  316.620187867,  4.50797292205, 
1001,  1327,  completed,  killed,  2021-12-21 13:26:19,  2021-12-21 13:26:25,  6,  modelParams|tmParams|minThreshold_9.modelParams|sensorParams|encoders|value:n_304.modelParams|tmParams|activationThreshold_12.modelParams|tmParams|pamLength_1.modelParams|clParams|alpha_0.0001.modelParams|sensorParams|encoders|Date_timeOfDay:radius_0.5.modelParams|spParams|synPermInactiveDec_0.1,  300,  9,  304,  12,  1,  0.0001,  None,  0.5,  None,  0.1,  287.659217437,  14.1004265856, 
1001,  1328,  completed,  eof,  2021-12-21 13:26:20,  2021-12-21 13:26:48,  28,  modelParams|tmParams|minThreshold_9.modelParams|sensorParams|encoders|value:n_350.modelParams|tmParams|activationThreshold_12.modelParams|tmParams|pamLength_1.modelParams|clParams|alpha_0.0125875.modelParams|sensorParams|encoders|Date_weekend:radius_1.modelParams|spParams|synPermInactiveDec_0.088347713005,  1608,  9,  350,  12,  1,  0.0125875,  1,  None,  None,  0.088347713005,  814.904358088,  6.07399586269, 
1001,  1329,  completed,  eof,  2021-12-21 13:26:25,  2021-12-21 13:26:58,  33,  modelParams|tmParams|minThreshold_9.modelParams|sensorParams|encoders|value:n_352.modelParams|tmParams|activationThreshold_12.modelParams|tmParams|pamLength_1.modelParams|clParams|alpha_0.0001.modelParams|sensorParams|encoders|Date_weekend:radius_1.modelParams|spParams|synPermInactiveDec_0.0998676827724,  1617,  9,  352,  12,  1,  0.0001,  1,  None,  None,  0.0998676827724,  466.238630824,  3.3613106911, 
1001,  1330,  completed,  eof,  2021-12-21 13:26:25,  2021-12-21 13:26:56,  31,  modelParams|tmParams|minThreshold_9.modelParams|sensorParams|encoders|value:n_352.modelParams|tmParams|activationThreshold_12.modelParams|tmParams|pamLength_1.modelParams|clParams|alpha_0.0001.modelParams|sensorParams|encoders|Date_weekend:radius_1.modelParams|spParams|synPermInactiveDec_0.1,  1615,  9,  352,  12,  1,  0.0001,  1,  None,  None,  0.1,  463.683574916,  3.36824561973, 
1001,  1331,  completed,  eof,  2021-12-21 13:26:28,  2021-12-21 13:26:58,  30,  modelParams|tmParams|minThreshold_9.modelParams|sensorParams|encoders|value:n_346.modelParams|tmParams|activationThreshold_12.modelParams|tmParams|pamLength_1.modelParams|clParams|alpha_0.0001.modelParams|sensorParams|encoders|Date_weekend:radius_1.modelParams|spParams|synPermInactiveDec_0.1,  1618,  9,  346,  12,  1,  0.0001,  1,  None,  None,  0.1,  466.294873527,  3.34972347219, 
1001,  1332,  completed,  killed,  2021-12-21 13:26:48,  2021-12-21 13:27:00,  12,  modelParams|tmParams|minThreshold_9.modelParams|sensorParams|encoders|value:n_347.modelParams|tmParams|activationThreshold_12.modelParams|tmParams|pamLength_1.modelParams|clParams|alpha_0.0001.modelParams|sensorParams|encoders|Date_weekend:radius_1.modelParams|spParams|synPermInactiveDec_0.0985243115782,  700,  9,  347,  12,  1,  0.0001,  1,  None,  None,  0.0985243115782,  333.974698116,  5.83774715318, 
1001,  1333,  completed,  killed,  2021-12-21 13:26:57,  2021-12-21 13:27:00,  3,  modelParams|tmParams|minThreshold_9.modelParams|sensorParams|encoders|value:n_346.modelParams|tmParams|activationThreshold_12.modelParams|tmParams|pamLength_1.modelParams|clParams|alpha_0.0001.modelParams|sensorParams|encoders|Date_weekend:radius_1.modelParams|spParams|synPermInactiveDec_0.0979416057956,  250,  9,  346,  12,  1,  0.0001,  1,  None,  None,  0.0979416057956,  174.37281886,  10.792731111, 
1001,  1334,  completed,  killed,  2021-12-21 13:26:58,  2021-12-21 13:27:00,  2,  modelParams|tmParams|minThreshold_9.modelParams|sensorParams|encoders|value:n_346.modelParams|tmParams|activationThreshold_12.modelParams|tmParams|pamLength_1.modelParams|clParams|alpha_0.00254616301657.modelParams|sensorParams|encoders|Date_weekend:radius_1.modelParams|spParams|synPermInactiveDec_0.0960239457196,  150,  9,  346,  12,  1,  0.00254616301657,  1,  None,  None,  0.0960239457196,  75.4459826728,  7.22095921504, 
1001,  1335,  completed,  eof,  2021-12-21 13:27:00,  2021-12-21 13:27:27,  27,  modelParams|tmParams|minThreshold_11.modelParams|sensorParams|encoders|value:n_292.modelParams|tmParams|activationThreshold_14.modelParams|tmParams|pamLength_3.modelParams|clParams|alpha_0.05005.modelParams|sensorParams|encoders|Date_timeOfDay:radius_6.25.modelParams|sensorParams|encoders|Date_dayOfWeek:radius_3.5.modelParams|spParams|synPermInactiveDec_0.05015,  1644,  11,  292,  14,  3,  0.05005,  None,  6.25,  3.5,  0.05015,  1831.27122898,  12.3713729511, 
1001,  1337,  completed,  eof,  2021-12-21 13:27:01,  2021-12-21 13:27:31,  30,  modelParams|tmParams|minThreshold_11.modelParams|sensorParams|encoders|value:n_292.modelParams|tmParams|activationThreshold_14.modelParams|tmParams|pamLength_3.modelParams|clParams|alpha_0.05005.modelParams|sensorParams|encoders|Date_weekend:radius_1.modelParams|sensorParams|encoders|Date_dayOfWeek:radius_3.5.modelParams|spParams|synPermInactiveDec_0.05015,  1648,  11,  292,  14,  3,  0.05005,  1,  None,  3.5,  0.05015,  1901.34770715,  12.7460002027, 
1001,  1339,  completed,  eof,  2021-12-21 13:27:01,  2021-12-21 13:27:36,  35,  modelParams|tmParams|minThreshold_9.modelParams|sensorParams|encoders|value:n_292.modelParams|tmParams|activationThreshold_12.modelParams|tmParams|pamLength_1.modelParams|clParams|alpha_0.0001.modelParams|sensorParams|encoders|Date_timeOfDay:radius_0.5.modelParams|sensorParams|encoders|Date_dayOfWeek:radius_1.0.modelParams|spParams|synPermInactiveDec_0.1,  1651,  9,  292,  12,  1,  0.0001,  None,  0.5,  1.0,  0.1,  542.480124916,  3.61479252776, 
1001,  1348,  completed,  eof,  2021-12-21 13:27:04,  2021-12-21 13:27:34,  30,  modelParams|tmParams|minThreshold_9.modelParams|sensorParams|encoders|value:n_292.modelParams|tmParams|activationThreshold_12.modelParams|tmParams|pamLength_1.modelParams|clParams|alpha_0.0001.modelParams|sensorParams|encoders|Date_weekend:radius_1.modelParams|sensorParams|encoders|Date_dayOfWeek:radius_1.0.modelParams|spParams|synPermInactiveDec_0.1,  1650,  9,  292,  12,  1,  0.0001,  1,  None,  1.0,  0.1,  536.745282012,  3.58351187765, 
1001,  1349,  completed,  eof,  2021-12-21 13:27:27,  2021-12-21 13:27:53,  26,  modelParams|tmParams|minThreshold_12.modelParams|sensorParams|encoders|value:n_312.modelParams|tmParams|activationThreshold_16.modelParams|tmParams|pamLength_5.modelParams|clParams|alpha_0.1.modelParams|sensorParams|encoders|Date_timeOfDay:radius_12.0.modelParams|sensorParams|encoders|Date_dayOfWeek:radius_6.0.modelParams|spParams|synPermInactiveDec_0.0003,  1667,  12,  312,  16,  5,  0.1,  None,  12.0,  6.0,  0.0003,  1896.63284717,  12.2593107052, 
1001,  1350,  completed,  eof,  2021-12-21 13:27:32,  2021-12-21 13:28:00,  28,  modelParams|tmParams|minThreshold_12.modelParams|sensorParams|encoders|value:n_312.modelParams|tmParams|activationThreshold_16.modelParams|tmParams|pamLength_5.modelParams|clParams|alpha_0.1.modelParams|sensorParams|encoders|Date_weekend:radius_1.modelParams|sensorParams|encoders|Date_dayOfWeek:radius_6.0.modelParams|spParams|synPermInactiveDec_0.0003,  1673,  12,  312,  16,  5,  0.1,  1,  None,  6.0,  0.0003,  2008.76498649,  12.8439735401, 
1001,  1351,  completed,  eof,  2021-12-21 13:27:34,  2021-12-21 13:28:02,  28,  modelParams|tmParams|minThreshold_10.modelParams|sensorParams|encoders|value:n_265.modelParams|tmParams|activationThreshold_13.modelParams|tmParams|pamLength_2.modelParams|clParams|alpha_0.025075.modelParams|sensorParams|encoders|Date_timeOfDay:radius_9.125.modelParams|sensorParams|encoders|Date_dayOfWeek:radius_4.75.modelParams|spParams|synPermInactiveDec_0.075075,  1673,  10,  265,  13,  2,  0.025075,  None,  9.125,  4.75,  0.075075,  1594.64579847,  10.1961098382, 
1001,  1352,  completed,  eof,  2021-12-21 13:27:36,  2021-12-21 13:28:03,  27,  modelParams|tmParams|minThreshold_10.modelParams|sensorParams|encoders|value:n_265.modelParams|tmParams|activationThreshold_13.modelParams|tmParams|pamLength_2.modelParams|clParams|alpha_0.025075.modelParams|sensorParams|encoders|Date_weekend:radius_1.modelParams|sensorParams|encoders|Date_dayOfWeek:radius_4.75.modelParams|spParams|synPermInactiveDec_0.075075,  1676,  10,  265,  13,  2,  0.025075,  1,  None,  4.75,  0.075075,  1731.97535862,  11.0161838346, 
1001,  1353,  completed,  eof,  2021-12-21 13:27:54,  2021-12-21 13:28:25,  31,  modelParams|tmParams|minThreshold_11.modelParams|sensorParams|encoders|value:n_317.modelParams|tmParams|activationThreshold_15.modelParams|tmParams|pamLength_4.modelParams|clParams|alpha_0.075025.modelParams|sensorParams|encoders|Date_timeOfDay:radius_3.375.modelParams|sensorParams|encoders|Date_dayOfWeek:radius_2.25.modelParams|spParams|synPermInactiveDec_0.025225,  1694,  11,  317,  15,  4,  0.075025,  None,  3.375,  2.25,  0.025225,  2341.43832529,  14.4588481735, 
1001,  1354,  completed,  eof,  2021-12-21 13:28:01,  2021-12-21 13:28:29,  28,  modelParams|tmParams|minThreshold_11.modelParams|sensorParams|encoders|value:n_317.modelParams|tmParams|activationThreshold_15.modelParams|tmParams|pamLength_4.modelParams|clParams|alpha_0.075025.modelParams|sensorParams|encoders|Date_weekend:radius_1.modelParams|sensorParams|encoders|Date_dayOfWeek:radius_2.25.modelParams|spParams|synPermInactiveDec_0.025225,  1698,  11,  317,  15,  4,  0.075025,  1,  None,  2.25,  0.025225,  2312.55548264,  14.1656087318, 
1001,  1355,  completed,  eof,  2021-12-21 13:28:02,  2021-12-21 13:28:37,  35,  modelParams|tmParams|minThreshold_9.modelParams|sensorParams|encoders|value:n_298.modelParams|tmParams|activationThreshold_12.modelParams|tmParams|pamLength_2.modelParams|clParams|alpha_0.0144896515556.modelParams|sensorParams|encoders|Date_timeOfDay:radius_1.06268283736.modelParams|sensorParams|encoders|Date_dayOfWeek:radius_1.55116234931.modelParams|spParams|synPermInactiveDec_0.1,  1705,  9,  298,  12,  2,  0.0144896515556,  None,  1.06268283736,  1.55116234931,  0.1,  2070.1883737,  12.4996571434, 
1001,  1356,  completed,  eof,  2021-12-21 13:28:04,  2021-12-21 13:28:37,  33,  modelParams|tmParams|minThreshold_9.modelParams|sensorParams|encoders|value:n_298.modelParams|tmParams|activationThreshold_12.modelParams|tmParams|pamLength_2.modelParams|clParams|alpha_0.0144896515556.modelParams|sensorParams|encoders|Date_weekend:radius_1.modelParams|sensorParams|encoders|Date_dayOfWeek:radius_1.72346403032.modelParams|spParams|synPermInactiveDec_0.1,  1705,  9,  298,  12,  2,  0.0144896515556,  1,  None,  1.72346403032,  0.1,  1671.64558624,  10.0932827943, 
1001,  1357,  completed,  eof,  2021-12-21 13:28:25,  2021-12-21 13:29:02,  37,  modelParams|tmParams|minThreshold_9.modelParams|sensorParams|encoders|value:n_298.modelParams|tmParams|activationThreshold_12.modelParams|tmParams|pamLength_1.modelParams|clParams|alpha_0.0001.modelParams|sensorParams|encoders|Date_timeOfDay:radius_1.075.modelParams|sensorParams|encoders|Date_dayOfWeek:radius_1.modelParams|spParams|synPermInactiveDec_0.1,  1727,  9,  298,  12,  1,  0.0001,  None,  1.075,  1,  0.1,  641.461115066,  3.66959117449, 
1001,  1358,  completed,  eof,  2021-12-21 13:28:29,  2021-12-21 13:29:05,  36,  modelParams|tmParams|minThreshold_9.modelParams|sensorParams|encoders|value:n_298.modelParams|tmParams|activationThreshold_12.modelParams|tmParams|pamLength_1.modelParams|clParams|alpha_0.0001.modelParams|sensorParams|encoders|Date_weekend:radius_1.modelParams|sensorParams|encoders|Date_dayOfWeek:radius_1.modelParams|spParams|synPermInactiveDec_0.1,  1730,  9,  298,  12,  1,  0.0001,  1,  None,  1,  0.1,  637.871311834,  3.62154276745, 
1001,  1359,  completed,  eof,  2021-12-21 13:28:37,  2021-12-21 13:29:15,  38,  modelParams|tmParams|minThreshold_9.modelParams|sensorParams|encoders|value:n_306.modelParams|tmParams|activationThreshold_12.modelParams|tmParams|pamLength_1.modelParams|clParams|alpha_0.0238843031113.modelParams|sensorParams|encoders|Date_timeOfDay:radius_1.05036567472.modelParams|sensorParams|encoders|Date_dayOfWeek:radius_1.35232469863.modelParams|spParams|synPermInactiveDec_0.0968072662465,  1739,  9,  306,  12,  1,  0.0238843031113,  None,  1.05036567472,  1.35232469863,  0.0968072662465,  1938.46019371,  10.7546831315, 
1001,  1360,  completed,  eof,  2021-12-21 13:28:38,  2021-12-21 13:29:10,  32,  modelParams|tmParams|minThreshold_9.modelParams|sensorParams|encoders|value:n_306.modelParams|tmParams|activationThreshold_12.modelParams|tmParams|pamLength_1.modelParams|clParams|alpha_0.0238843031113.modelParams|sensorParams|encoders|Date_weekend:radius_1.modelParams|sensorParams|encoders|Date_dayOfWeek:radius_2.19692806063.modelParams|spParams|synPermInactiveDec_0.1,  1735,  9,  306,  12,  1,  0.0238843031113,  1,  None,  2.19692806063,  0.1,  1840.65940557,  10.3171498728, 
1001,  1361,  completed,  eof,  2021-12-21 13:29:02,  2021-12-21 13:29:35,  33,  modelParams|tmParams|minThreshold_9.modelParams|sensorParams|encoders|value:n_289.modelParams|tmParams|activationThreshold_12.modelParams|tmParams|pamLength_1.modelParams|clParams|alpha_0.0001.modelParams|sensorParams|encoders|Date_timeOfDay:radius_0.5.modelParams|sensorParams|encoders|Date_dayOfWeek:radius_1.70174352397.modelParams|spParams|synPermInactiveDec_0.1,  1757,  9,  289,  12,  1,  0.0001,  None,  0.5,  1.70174352397,  0.1,  758.477949065,  4.04070181977, 
1001,  1362,  completed,  eof,  2021-12-21 13:29:05,  2021-12-21 13:29:36,  31,  modelParams|tmParams|minThreshold_9.modelParams|sensorParams|encoders|value:n_289.modelParams|tmParams|activationThreshold_12.modelParams|tmParams|pamLength_1.modelParams|clParams|alpha_0.0001.modelParams|sensorParams|encoders|Date_weekend:radius_1.modelParams|sensorParams|encoders|Date_dayOfWeek:radius_1.96019604547.modelParams|spParams|synPermInactiveDec_0.1,  1757,  9,  289,  12,  1,  0.0001,  1,  None,  1.96019604547,  0.1,  783.144672212,  4.17211087818, 
1001,  1363,  completed,  eof,  2021-12-21 13:29:10,  2021-12-21 13:29:43,  33,  modelParams|tmParams|minThreshold_9.modelParams|sensorParams|encoders|value:n_307.modelParams|tmParams|activationThreshold_12.modelParams|tmParams|pamLength_1.modelParams|clParams|alpha_0.0191869773334.modelParams|sensorParams|encoders|Date_timeOfDay:radius_0.5.modelParams|sensorParams|encoders|Date_dayOfWeek:radius_1.40058117466.modelParams|spParams|synPermInactiveDec_0.0963591996848,  1763,  9,  307,  12,  1,  0.0191869773334,  None,  0.5,  1.40058117466,  0.0963591996848,  2020.57161465,  10.627877027, 
1001,  1364,  completed,  eof,  2021-12-21 13:29:16,  2021-12-21 13:29:48,  32,  modelParams|tmParams|minThreshold_9.modelParams|sensorParams|encoders|value:n_307.modelParams|tmParams|activationThreshold_12.modelParams|tmParams|pamLength_1.modelParams|clParams|alpha_0.0191869773334.modelParams|sensorParams|encoders|Date_weekend:radius_1.modelParams|sensorParams|encoders|Date_dayOfWeek:radius_1.48673201516.modelParams|spParams|synPermInactiveDec_0.099498043534,  1767,  9,  307,  12,  1,  0.0191869773334,  1,  None,  1.48673201516,  0.099498043534,  1610.94653252,  8.39016501679, 
1001,  1365,  completed,  killed,  2021-12-21 13:29:36,  2021-12-21 13:29:43,  7,  modelParams|tmParams|minThreshold_9.modelParams|sensorParams|encoders|value:n_293.modelParams|tmParams|activationThreshold_12.modelParams|tmParams|pamLength_1.modelParams|clParams|alpha_0.00252877293932.modelParams|sensorParams|encoders|Date_timeOfDay:radius_0.5.modelParams|sensorParams|encoders|Date_dayOfWeek:radius_1.modelParams|spParams|synPermInactiveDec_0.1,  400,  9,  293,  12,  1,  0.00252877293932,  None,  0.5,  1,  0.1,  339.478855075,  8.40298567453, 
1001,  1366,  completed,  killed,  2021-12-21 13:29:37,  2021-12-21 13:29:49,  12,  modelParams|tmParams|minThreshold_9.modelParams|sensorParams|encoders|value:n_294.modelParams|tmParams|activationThreshold_12.modelParams|tmParams|pamLength_1.modelParams|clParams|alpha_0.0001.modelParams|sensorParams|encoders|Date_weekend:radius_1.modelParams|sensorParams|encoders|Date_dayOfWeek:radius_1.modelParams|spParams|synPermInactiveDec_0.1,  700,  9,  294,  12,  1,  0.0001,  1,  None,  1,  0.1,  319.971797823,  5.59304491162, 
1001,  1367,  completed,  killed,  2021-12-21 13:29:43,  2021-12-21 13:29:50,  7,  modelParams|tmParams|minThreshold_9.modelParams|sensorParams|encoders|value:n_293.modelParams|tmParams|activationThreshold_12.modelParams|tmParams|pamLength_1.modelParams|clParams|alpha_0.0001.modelParams|sensorParams|encoders|Date_weekend:radius_1.modelParams|sensorParams|encoders|Date_dayOfWeek:radius_1.modelParams|spParams|synPermInactiveDec_0.1,  350,  9,  293,  12,  1,  0.0001,  1,  None,  1,  0.1,  190.947983947,  7.30724748837, 
1001,  1368,  completed,  killed,  2021-12-21 13:29:44,  2021-12-21 13:29:50,  6,  modelParams|tmParams|minThreshold_9.modelParams|sensorParams|encoders|value:n_292.modelParams|tmParams|activationThreshold_12.modelParams|tmParams|pamLength_1.modelParams|clParams|alpha_0.0001.modelParams|sensorParams|encoders|Date_weekend:radius_1.modelParams|sensorParams|encoders|Date_dayOfWeek:radius_1.modelParams|spParams|synPermInactiveDec_0.1,  300,  9,  292,  12,  1,  0.0001,  1,  None,  1,  0.1,  191.172608074,  9.36993588214, 
